{"mean": [35.06703018120725, 149871.14040936637, 0.022525675081917353, 0.6768762655093273, 0.09981121189907914, 0.04997085243301679, 0.04994676662653315, 0.049997641339266014, 0.02494164515183259, 0.004997180540182435, 0.01993082859506661, 0.0010019328237781027, 0.0, 34.98654821192848, 361877.04981699266, 0.0029022628910951036, 0.0, 0.0, 0.0, 0.0, 0.0, 0.0, 0.0, 0.000249760443380775, 0.8519302606689878, 0.1449177159965363], "std": [14.7238969488442, 86205.72666841804, 0.010098425609449194, 0.07928475806053718, 0.05768775283856799, 0.028897460066543312, 0.028892197572181175, 0.028845441536072845, 0.014425918649751618, 0.0028871883706922522, 0.011527586716327769, 0.0005772798945756105, 1.0, 14.691042538767313, 196286.75178002985, 0.001212165632767504, 1.0, 1.0, 1.0, 1.0, 1.0, 1.0, 1.0, 8.659673828093111e-05, 0.06495178341189181, 0.064946671704102]}